object,view,step,envmap,psnr,ssim,lpips
Barrel_02,00004,0,Barrel_02_env_2,26.09987,0.9318612813949585,0.027089785784482956
Barrel_02,00004,1,Barrel_02_env_2,25.789812,0.9289562106132507,0.03428220376372337
Barrel_02,00004,2,Barrel_02_env_2,24.60788,0.9229900240898132,0.0439181812107563
Barrel_02,00004,3,Barrel_02_env_2,24.086931,0.9176906943321228,0.05400771275162697
Barrel_02,00004,4,Barrel_02_env_2,23.84439,0.9122487306594849,0.0643029659986496
Barrel_02,00004,5,Barrel_02_env_2,23.653969,0.9059586524963379,0.07654546201229095
Barrel_02,00004,6,Barrel_02_env_2,23.495594,0.8985810279846191,0.09254905581474304
Barrel_02,00004,7,Barrel_02_env_2,23.408154,0.8887754678726196,0.11468933522701263
Barrel_02,00004,8,Barrel_02_env_2,23.099522,0.8745653033256531,0.15572726726531982
Barrel_02,00004,9,Barrel_02_env_2,22.341595,0.8579465746879578,0.2032654583454132
Barrel_02,00004,10,Barrel_02_env_2,21.347248,0.8403448462486267,0.2441597580909729
Barrel_02,00004,11,Barrel_02_env_2,20.301353,0.822007417678833,0.2801850736141205
Barrel_02,00004,12,Barrel_02_env_2,19.359892,0.8027256727218628,0.3128686249256134
Barrel_02,00004,13,Barrel_02_env_2,18.607782,0.7836512923240662,0.3369804620742798
Barrel_02,00004,14,Barrel_02_env_2,17.956532,0.7653970718383789,0.3574211597442627
Barrel_02,00004,15,Barrel_02_env_2,17.35047,0.7483991980552673,0.3703431487083435
Barrel_02,00004,16,Barrel_02_env_2,16.790596,0.7326012849807739,0.3797301948070526
Barrel_02,00004,17,Barrel_02_env_2,16.308346,0.717864990234375,0.38889527320861816
Barrel_02,00004,18,Barrel_02_env_2,15.89466,0.7039645910263062,0.39755553007125854
Barrel_02,00004,19,Barrel_02_env_2,15.521674,0.691672682762146,0.4061518609523773
Camera_01,00033,0,Camera_01_env_2,31.380663,0.970239520072937,0.017488915473222733
Camera_01,00033,1,Camera_01_env_0,25.437263,0.9303359985351562,0.02734418213367462
Camera_01,00033,2,Camera_01_env_2,25.08575,0.9300755262374878,0.039462242275476456
Camera_01,00033,3,Camera_01_env_2,24.542114,0.9265127182006836,0.04488174617290497
Camera_01,00033,4,Camera_01_env_0,24.13984,0.9217841029167175,0.039648327976465225
Camera_01,00033,5,Camera_01_env_0,23.610195,0.9159030318260193,0.04546435549855232
Camera_01,00033,6,Camera_01_env_2,22.819214,0.9093451499938965,0.06477765738964081
Camera_01,00033,7,Camera_01_env_1,22.275227,0.9029508829116821,0.07324495166540146
Camera_01,00033,8,Camera_01_env_2,21.640831,0.8928442001342773,0.08530402928590775
Camera_01,00033,9,Camera_01_env_2,20.69001,0.8712677359580994,0.109290711581707
Camera_01,00033,10,Camera_01_env_2,19.10632,0.8250603079795837,0.19248300790786743
Camera_01,00033,11,Camera_01_env_2,16.691893,0.7545387148857117,0.3247726261615753
Camera_01,00033,12,Camera_01_env_0,14.861321,0.6804889440536499,0.45766425132751465
Camera_01,00033,13,Camera_01_env_2,13.151819,0.5922725200653076,0.557686984539032
Camera_01,00033,14,Camera_01_env_1,12.284669,0.5586113333702087,0.6025476455688477
Camera_01,00033,15,Camera_01_env_0,11.593881,0.538320779800415,0.6371822357177734
Camera_01,00033,16,Camera_01_env_1,10.907368,0.5224043130874634,0.6632205843925476
Camera_01,00033,17,Camera_01_env_1,10.259098,0.5103715658187866,0.6871726512908936
Camera_01,00033,18,Camera_01_env_1,9.635616,0.4999019503593445,0.7095828056335449
Camera_01,00033,19,Camera_01_env_1,9.038598,0.49050045013427734,0.729449987411499
ClassicConsole_01,00041,0,ClassicConsole_01_env_2,33.71213,0.9807283282279968,0.015507007017731667
ClassicConsole_01,00041,1,ClassicConsole_01_env_0,28.276028,0.9507057070732117,0.02671264111995697
ClassicConsole_01,00041,2,ClassicConsole_01_env_2,28.128881,0.959709644317627,0.030172254890203476
ClassicConsole_01,00041,3,ClassicConsole_01_env_2,26.799414,0.9531988501548767,0.036835167557001114
ClassicConsole_01,00041,4,ClassicConsole_01_env_0,22.855644,0.929672122001648,0.06555628031492233
ClassicConsole_01,00041,5,ClassicConsole_01_env_0,21.273975,0.9201623201370239,0.08321823924779892
ClassicConsole_01,00041,6,ClassicConsole_01_env_2,22.21655,0.9243137836456299,0.08463035523891449
ClassicConsole_01,00041,7,ClassicConsole_01_env_1,18.329205,0.8864521384239197,0.12729454040527344
ClassicConsole_01,00041,8,ClassicConsole_01_env_2,20.143091,0.8807648420333862,0.15218788385391235
ClassicConsole_01,00041,9,ClassicConsole_01_env_2,18.017843,0.8231171369552612,0.2827918231487274
ClassicConsole_01,00041,10,ClassicConsole_01_env_2,15.568724,0.7316071391105652,0.4222191572189331
ClassicConsole_01,00041,11,ClassicConsole_01_env_2,13.75142,0.6522426009178162,0.5046875476837158
ClassicConsole_01,00041,12,ClassicConsole_01_env_0,12.526856,0.6006569862365723,0.5383695363998413
ClassicConsole_01,00041,13,ClassicConsole_01_env_2,11.845772,0.5675644874572754,0.5751217603683472
ClassicConsole_01,00041,14,ClassicConsole_01_env_1,11.235547,0.5541015863418579,0.5981003046035767
ClassicConsole_01,00041,15,ClassicConsole_01_env_0,10.625067,0.5386180877685547,0.6286288499832153
ClassicConsole_01,00041,16,ClassicConsole_01_env_1,10.282127,0.5359799861907959,0.6478821039199829
ClassicConsole_01,00041,17,ClassicConsole_01_env_1,10.065986,0.5404776334762573,0.6618810892105103
ClassicConsole_01,00041,18,ClassicConsole_01_env_1,9.826014,0.5433205366134644,0.6753607988357544
ClassicConsole_01,00041,19,ClassicConsole_01_env_1,9.582123,0.5454460978507996,0.6908973455429077
ClassicNightstand_01,00045,0,ClassicNightstand_01_env_2,27.3026,0.8992946147918701,0.07327059656381607
ClassicNightstand_01,00045,1,ClassicNightstand_01_env_0,22.953793,0.8778578639030457,0.11015240848064423
ClassicNightstand_01,00045,2,ClassicNightstand_01_env_2,22.857307,0.8544516563415527,0.12828534841537476
ClassicNightstand_01,00045,3,ClassicNightstand_01_env_2,23.902916,0.850120484828949,0.14870555698871613
ClassicNightstand_01,00045,4,ClassicNightstand_01_env_0,21.402388,0.7904093265533447,0.20710721611976624
ClassicNightstand_01,00045,5,ClassicNightstand_01_env_0,19.876043,0.7512456774711609,0.2577371895313263
ClassicNightstand_01,00045,6,ClassicNightstand_01_env_2,18.50237,0.738061785697937,0.28021475672721863
ClassicNightstand_01,00045,7,ClassicNightstand_01_env_1,16.671799,0.6765683889389038,0.31794896721839905
ClassicNightstand_01,00045,8,ClassicNightstand_01_env_2,17.062834,0.6911301612854004,0.34553244709968567
ClassicNightstand_01,00045,9,ClassicNightstand_01_env_2,16.594183,0.6835455894470215,0.36264854669570923
ClassicNightstand_01,00045,10,ClassicNightstand_01_env_2,16.05624,0.6759278774261475,0.37733787298202515
ClassicNightstand_01,00045,11,ClassicNightstand_01_env_2,15.524826,0.6678786277770996,0.3910304009914398
ClassicNightstand_01,00045,12,ClassicNightstand_01_env_0,13.448393,0.6194223165512085,0.4299187660217285
ClassicNightstand_01,00045,13,ClassicNightstand_01_env_2,14.176148,0.6293532848358154,0.4191654920578003
ClassicNightstand_01,00045,14,ClassicNightstand_01_env_1,12.769592,0.5928523540496826,0.418884813785553
ClassicNightstand_01,00045,15,ClassicNightstand_01_env_0,12.191506,0.5917328596115112,0.4509219229221344
ClassicNightstand_01,00045,16,ClassicNightstand_01_env_1,12.130452,0.5737863183021545,0.4406503438949585
ClassicNightstand_01,00045,17,ClassicNightstand_01_env_1,11.795354,0.5654542446136475,0.4529480040073395
ClassicNightstand_01,00045,18,ClassicNightstand_01_env_1,11.486862,0.558617889881134,0.4639308452606201
ClassicNightstand_01,00045,19,ClassicNightstand_01_env_1,11.181923,0.5524448752403259,0.47409144043922424
CoffeeTable_01,00047,0,CoffeeTable_01_env_2,24.98762,0.9349840879440308,0.05481632053852081
CoffeeTable_01,00047,1,CoffeeTable_01_env_0,25.654121,0.9354769587516785,0.05822410807013512
CoffeeTable_01,00047,2,CoffeeTable_01_env_2,25.587473,0.9318281412124634,0.06543874740600586
CoffeeTable_01,00047,3,CoffeeTable_01_env_2,25.025442,0.9261574149131775,0.0778283178806305
CoffeeTable_01,00047,4,CoffeeTable_01_env_0,24.366686,0.9202984571456909,0.09025353193283081
CoffeeTable_01,00047,5,CoffeeTable_01_env_0,23.598516,0.913935661315918,0.10280756652355194
CoffeeTable_01,00047,6,CoffeeTable_01_env_2,22.781733,0.9064933061599731,0.11446734517812729
CoffeeTable_01,00047,7,CoffeeTable_01_env_1,18.251003,0.871757984161377,0.1488558053970337
CoffeeTable_01,00047,8,CoffeeTable_01_env_2,19.67141,0.8722581267356873,0.14763781428337097
CoffeeTable_01,00047,9,CoffeeTable_01_env_2,19.090141,0.8605923652648926,0.16302888095378876
CoffeeTable_01,00047,10,CoffeeTable_01_env_2,18.471897,0.8471806049346924,0.1841535121202469
CoffeeTable_01,00047,11,CoffeeTable_01_env_2,17.888096,0.833209216594696,0.20630420744419098
CoffeeTable_01,00047,12,CoffeeTable_01_env_0,17.35646,0.8196440935134888,0.22933512926101685
CoffeeTable_01,00047,13,CoffeeTable_01_env_2,16.889198,0.8079699277877808,0.2513608932495117
CoffeeTable_01,00047,14,CoffeeTable_01_env_1,14.902168,0.7798457145690918,0.3090648651123047
CoffeeTable_01,00047,15,CoffeeTable_01_env_0,15.500536,0.775413453578949,0.30735552310943604
CoffeeTable_01,00047,16,CoffeeTable_01_env_1,13.989755,0.755189836025238,0.360097199678421
CoffeeTable_01,00047,17,CoffeeTable_01_env_1,13.586679,0.7442020773887634,0.38261404633522034
CoffeeTable_01,00047,18,CoffeeTable_01_env_1,13.293109,0.7342433333396912,0.39837783575057983
CoffeeTable_01,00047,19,CoffeeTable_01_env_1,13.06107,0.7250919342041016,0.40966835618019104
Drill_01,00074,0,Drill_01_env_2,31.418919,0.9644118547439575,0.018273472785949707
Drill_01,00074,1,Drill_01_env_0,27.384537,0.9303233623504639,0.03972744569182396
Drill_01,00074,2,Drill_01_env_2,27.981508,0.9421377182006836,0.04049227014183998
Drill_01,00074,3,Drill_01_env_2,27.017311,0.9316790103912354,0.05422769486904144
Drill_01,00074,4,Drill_01_env_0,24.864418,0.9039461016654968,0.07797886431217194
Drill_01,00074,5,Drill_01_env_0,24.105036,0.8944534063339233,0.09001810848712921
Drill_01,00074,6,Drill_01_env_2,23.936707,0.8942984342575073,0.10060428828001022
Drill_01,00074,7,Drill_01_env_1,22.457924,0.8654192686080933,0.13211368024349213
Drill_01,00074,8,Drill_01_env_2,21.599447,0.8520011901855469,0.18424424529075623
Drill_01,00074,9,Drill_01_env_2,19.587934,0.8155460357666016,0.27087169885635376
Drill_01,00074,10,Drill_01_env_2,17.557293,0.7787812948226929,0.34673354029655457
Drill_01,00074,11,Drill_01_env_2,16.322563,0.7528350353240967,0.3936011791229248
Drill_01,00074,12,Drill_01_env_0,15.458766,0.725752055644989,0.4342532455921173
Drill_01,00074,13,Drill_01_env_2,14.758206,0.7135738134384155,0.46536046266555786
Drill_01,00074,14,Drill_01_env_1,14.122014,0.6930915713310242,0.4887256622314453
Drill_01,00074,15,Drill_01_env_0,13.620976,0.6819740533828735,0.5046613216400146
Drill_01,00074,16,Drill_01_env_1,13.122764,0.6711100339889526,0.5181722044944763
Drill_01,00074,17,Drill_01_env_1,12.669773,0.6611542701721191,0.528243899345398
Drill_01,00074,18,Drill_01_env_1,12.2782345,0.6523813009262085,0.5369873046875
Drill_01,00074,19,Drill_01_env_1,11.919554,0.6445319652557373,0.5438213348388672
GothicBed_01,00002,0,GothicBed_01_env_2,25.99721,0.9380354285240173,0.05992773175239563
GothicBed_01,00002,1,GothicBed_01_env_0,26.178291,0.9248480796813965,0.08878453075885773
GothicBed_01,00002,2,GothicBed_01_env_2,23.326492,0.8908771276473999,0.12702882289886475
GothicBed_01,00002,3,GothicBed_01_env_2,21.548378,0.8654372096061707,0.1549989879131317
GothicBed_01,00002,4,GothicBed_01_env_0,20.343449,0.8421529531478882,0.20124289393424988
GothicBed_01,00002,5,GothicBed_01_env_0,19.189116,0.8315350413322449,0.2241644561290741
GothicBed_01,00002,6,GothicBed_01_env_2,16.810535,0.8116452693939209,0.25420746207237244
GothicBed_01,00002,7,GothicBed_01_env_1,16.35195,0.7908101081848145,0.2665961980819702
GothicBed_01,00002,8,GothicBed_01_env_2,14.429778,0.7666158676147461,0.3019005358219147
GothicBed_01,00002,9,GothicBed_01_env_2,13.753374,0.7508711814880371,0.3189467787742615
GothicBed_01,00002,10,GothicBed_01_env_2,13.120756,0.7356289625167847,0.33500421047210693
GothicBed_01,00002,11,GothicBed_01_env_2,12.484892,0.7203658819198608,0.3523418605327606
GothicBed_01,00002,12,GothicBed_01_env_0,12.91038,0.7141262888908386,0.37712258100509644
GothicBed_01,00002,13,GothicBed_01_env_2,11.579212,0.7073022723197937,0.38154837489128113
GothicBed_01,00002,14,GothicBed_01_env_1,12.039814,0.7026036977767944,0.3984759747982025
GothicBed_01,00002,15,GothicBed_01_env_0,11.726465,0.6951295733451843,0.4324038028717041
GothicBed_01,00002,16,GothicBed_01_env_1,11.624788,0.6906511783599854,0.4306690990924835
GothicBed_01,00002,17,GothicBed_01_env_1,11.311755,0.6692003011703491,0.4684530198574066
GothicBed_01,00002,18,GothicBed_01_env_1,10.442218,0.5230557322502136,0.6136974692344666
GothicBed_01,00002,19,GothicBed_01_env_1,9.671694,0.46405765414237976,0.665277898311615
GothicCabinet_01,00058,0,GothicCabinet_01_env_2,30.642143,0.9610375761985779,0.022675110027194023
GothicCabinet_01,00058,1,GothicCabinet_01_env_0,23.3997,0.9076234698295593,0.06331158429384232
GothicCabinet_01,00058,2,GothicCabinet_01_env_2,25.790127,0.9398561716079712,0.04701264947652817
GothicCabinet_01,00058,3,GothicCabinet_01_env_2,22.84428,0.9218783378601074,0.06933876127004623
GothicCabinet_01,00058,4,GothicCabinet_01_env_0,20.33716,0.8841139078140259,0.09721720963716507
GothicCabinet_01,00058,5,GothicCabinet_01_env_0,20.191906,0.880955696105957,0.10981390625238419
GothicCabinet_01,00058,6,GothicCabinet_01_env_2,20.756475,0.8989572525024414,0.12130668014287949
GothicCabinet_01,00058,7,GothicCabinet_01_env_1,18.023634,0.8504015803337097,0.14635732769966125
GothicCabinet_01,00058,8,GothicCabinet_01_env_2,18.971336,0.8668392896652222,0.1734926998615265
GothicCabinet_01,00058,9,GothicCabinet_01_env_2,17.813984,0.8304961919784546,0.25389668345451355
GothicCabinet_01,00058,10,GothicCabinet_01_env_2,16.027555,0.7839609384536743,0.36656653881073
GothicCabinet_01,00058,11,GothicCabinet_01_env_2,14.8601265,0.7508437037467957,0.41393396258354187
GothicCabinet_01,00058,12,GothicCabinet_01_env_0,14.364414,0.7291268706321716,0.4311717748641968
GothicCabinet_01,00058,13,GothicCabinet_01_env_2,13.685218,0.7185955047607422,0.4616561532020569
GothicCabinet_01,00058,14,GothicCabinet_01_env_1,12.894043,0.6911269426345825,0.4794890582561493
GothicCabinet_01,00058,15,GothicCabinet_01_env_0,12.77379,0.6881110072135925,0.49698197841644287
GothicCabinet_01,00058,16,GothicCabinet_01_env_1,12.238816,0.6726903915405273,0.5048933625221252
GothicCabinet_01,00058,17,GothicCabinet_01_env_1,11.814196,0.6600244641304016,0.5142975449562073
GothicCabinet_01,00058,18,GothicCabinet_01_env_1,11.437683,0.6507226228713989,0.523140549659729
GothicCabinet_01,00058,19,GothicCabinet_01_env_1,11.106306,0.6425417065620422,0.5311349630355835
GothicCommode_01,00036,0,GothicCommode_01_env_2,19.235184,0.7899775505065918,0.23071034252643585
GothicCommode_01,00036,1,GothicCommode_01_env_0,20.136135,0.7241601943969727,0.23199462890625
GothicCommode_01,00036,2,GothicCommode_01_env_2,19.6866,0.7420727610588074,0.2508517801761627
GothicCommode_01,00036,3,GothicCommode_01_env_2,20.298271,0.7181872725486755,0.2841717004776001
GothicCommode_01,00036,4,GothicCommode_01_env_0,15.823811,0.5566046237945557,0.36417949199676514
GothicCommode_01,00036,5,GothicCommode_01_env_0,15.6328535,0.5337490439414978,0.39848950505256653
GothicCommode_01,00036,6,GothicCommode_01_env_2,17.312302,0.5792204737663269,0.4083775579929352
GothicCommode_01,00036,7,GothicCommode_01_env_1,12.303707,0.4715997576713562,0.5178255438804626
GothicCommode_01,00036,8,GothicCommode_01_env_2,13.546698,0.4593072831630707,0.5284475088119507
GothicCommode_01,00036,9,GothicCommode_01_env_2,12.5928955,0.4424421787261963,0.5557928681373596
GothicCommode_01,00036,10,GothicCommode_01_env_2,11.81533,0.42917460203170776,0.5794063806533813
GothicCommode_01,00036,11,GothicCommode_01_env_2,11.161298,0.4182327687740326,0.6015810966491699
GothicCommode_01,00036,12,GothicCommode_01_env_0,7.8610897,0.3459225296974182,0.6496015787124634
GothicCommode_01,00036,13,GothicCommode_01_env_2,9.923176,0.3789960741996765,0.655139684677124
GothicCommode_01,00036,14,GothicCommode_01_env_1,7.4283214,0.3446044325828552,0.716001033782959
GothicCommode_01,00036,15,GothicCommode_01_env_0,6.9000764,0.32583242654800415,0.699884831905365
GothicCommode_01,00036,16,GothicCommode_01_env_1,6.9080615,0.3249613046646118,0.7299636602401733
GothicCommode_01,00036,17,GothicCommode_01_env_1,6.733324,0.31649622321128845,0.7290735840797424
GothicCommode_01,00036,18,GothicCommode_01_env_1,6.5826473,0.30950361490249634,0.7290835976600647
GothicCommode_01,00036,19,GothicCommode_01_env_1,6.449866,0.3038156032562256,0.731218695640564
GreenChair_01,00050,0,GreenChair_01_env_2,29.30298,0.9680735468864441,0.021091360598802567
GreenChair_01,00050,1,GreenChair_01_env_0,25.865183,0.9399223327636719,0.039588119834661484
GreenChair_01,00050,2,GreenChair_01_env_2,24.786583,0.9483884572982788,0.042004819959402084
GreenChair_01,00050,3,GreenChair_01_env_2,24.421797,0.9395079612731934,0.05080470070242882
GreenChair_01,00050,4,GreenChair_01_env_0,23.195055,0.9106928706169128,0.06877554953098297
GreenChair_01,00050,5,GreenChair_01_env_0,22.60577,0.9033070802688599,0.07940469682216644
GreenChair_01,00050,6,GreenChair_01_env_2,22.096663,0.9009907245635986,0.09145162254571915
GreenChair_01,00050,7,GreenChair_01_env_1,18.739067,0.8485585451126099,0.1582668125629425
GreenChair_01,00050,8,GreenChair_01_env_2,16.694378,0.6814588904380798,0.4300535023212433
GreenChair_01,00050,9,GreenChair_01_env_2,13.000267,0.5465750098228455,0.573042631149292
GreenChair_01,00050,10,GreenChair_01_env_2,11.747121,0.5246524810791016,0.6018233895301819
GreenChair_01,00050,11,GreenChair_01_env_2,10.917397,0.5128190517425537,0.6267502903938293
GreenChair_01,00050,12,GreenChair_01_env_0,10.468402,0.5121099352836609,0.6494774222373962
GreenChair_01,00050,13,GreenChair_01_env_2,9.661529,0.5116079449653625,0.6703701019287109
GreenChair_01,00050,14,GreenChair_01_env_1,9.470526,0.5068151950836182,0.6956546306610107
GreenChair_01,00050,15,GreenChair_01_env_0,9.1340685,0.5117629766464233,0.6941176652908325
GreenChair_01,00050,16,GreenChair_01_env_1,8.899849,0.5060679316520691,0.7187981009483337
GreenChair_01,00050,17,GreenChair_01_env_1,8.747553,0.5061017274856567,0.7267013192176819
GreenChair_01,00050,18,GreenChair_01_env_1,8.567651,0.5050652027130127,0.735345721244812
GreenChair_01,00050,19,GreenChair_01_env_1,8.370458,0.5025918483734131,0.7425020337104797
Megaphone_01,00051,0,Megaphone_01_env_2,31.867485,0.9758702516555786,0.02325384132564068
Megaphone_01,00051,1,Megaphone_01_env_0,27.077835,0.9344027042388916,0.03619600832462311
Megaphone_01,00051,2,Megaphone_01_env_2,26.820637,0.9539362788200378,0.04759284481406212
Megaphone_01,00051,3,Megaphone_01_env_2,25.140652,0.9469121694564819,0.05622497946023941
Megaphone_01,00051,4,Megaphone_01_env_0,20.741608,0.8678420782089233,0.07986535131931305
Megaphone_01,00051,5,Megaphone_01_env_0,21.86672,0.8825299143791199,0.07873977720737457
Megaphone_01,00051,6,Megaphone_01_env_2,21.492458,0.908251941204071,0.11312830448150635
Megaphone_01,00051,7,Megaphone_01_env_1,16.835567,0.8285843729972839,0.13670614361763
Megaphone_01,00051,8,Megaphone_01_env_2,18.560045,0.8751334547996521,0.1558697670698166
Megaphone_01,00051,9,Megaphone_01_env_2,17.795637,0.8668777346611023,0.16603821516036987
Megaphone_01,00051,10,Megaphone_01_env_2,17.266764,0.8579854369163513,0.17637690901756287
Megaphone_01,00051,11,Megaphone_01_env_2,16.888123,0.8451598882675171,0.19157643616199493
Megaphone_01,00051,12,Megaphone_01_env_0,13.087366,0.7473112344741821,0.2942920923233032
Megaphone_01,00051,13,Megaphone_01_env_2,15.324121,0.7706385850906372,0.3397192358970642
Megaphone_01,00051,14,Megaphone_01_env_1,11.957273,0.6698040962219238,0.4502187967300415
Megaphone_01,00051,15,Megaphone_01_env_0,10.995739,0.5383342504501343,0.562351405620575
Megaphone_01,00051,16,Megaphone_01_env_1,10.42622,0.504660964012146,0.5900400876998901
Megaphone_01,00051,17,Megaphone_01_env_1,9.950935,0.4826217591762543,0.6113327741622925
Megaphone_01,00051,18,Megaphone_01_env_1,9.515354,0.46221184730529785,0.6273933053016663
Megaphone_01,00051,19,Megaphone_01_env_1,9.152096,0.4493199586868286,0.6428247690200806
Ottoman_01,00016,0,Ottoman_01_env_2,26.326256,0.8913161158561707,0.08976142853498459
Ottoman_01,00016,1,Ottoman_01_env_0,24.247501,0.8770792484283447,0.11765597760677338
Ottoman_01,00016,2,Ottoman_01_env_2,22.90269,0.8632755279541016,0.14090180397033691
Ottoman_01,00016,3,Ottoman_01_env_2,21.831104,0.84898841381073,0.16320350766181946
Ottoman_01,00016,4,Ottoman_01_env_0,20.8064,0.8322998881340027,0.1887744814157486
Ottoman_01,00016,5,Ottoman_01_env_0,19.893938,0.8132214546203613,0.2153911292552948
Ottoman_01,00016,6,Ottoman_01_env_2,19.126583,0.7926242351531982,0.23967581987380981
Ottoman_01,00016,7,Ottoman_01_env_1,16.245146,0.7248932719230652,0.310772567987442
Ottoman_01,00016,8,Ottoman_01_env_2,16.927069,0.7279884219169617,0.33236271142959595
Ottoman_01,00016,9,Ottoman_01_env_2,16.601383,0.7084898948669434,0.3608981966972351
Ottoman_01,00016,10,Ottoman_01_env_2,16.171648,0.6889472007751465,0.3944406509399414
Ottoman_01,00016,11,Ottoman_01_env_2,15.619225,0.6694793701171875,0.42467570304870605
Ottoman_01,00016,12,Ottoman_01_env_0,14.999532,0.6514248847961426,0.44817793369293213
Ottoman_01,00016,13,Ottoman_01_env_2,14.363327,0.6338837146759033,0.4676951766014099
Ottoman_01,00016,14,Ottoman_01_env_1,12.7072,0.5886231660842896,0.4958169162273407
Ottoman_01,00016,15,Ottoman_01_env_0,13.108043,0.6000359058380127,0.5033845901489258
Ottoman_01,00016,16,Ottoman_01_env_1,11.914587,0.5654491186141968,0.5168793201446533
Ottoman_01,00016,17,Ottoman_01_env_1,11.563464,0.5547948479652405,0.5255080461502075
Ottoman_01,00016,18,Ottoman_01_env_1,11.245174,0.5450479388237,0.5339087843894958
Ottoman_01,00016,19,Ottoman_01_env_1,10.938913,0.5352500677108765,0.5433531403541565
Rockingchair_01,00066,0,Rockingchair_01_env_2,30.891726,0.9854888916015625,0.020959923043847084
Rockingchair_01,00066,1,Rockingchair_01_env_0,23.173235,0.9304186701774597,0.06352633982896805
Rockingchair_01,00066,2,Rockingchair_01_env_2,20.369015,0.9162678122520447,0.07200175523757935
Rockingchair_01,00066,3,Rockingchair_01_env_2,20.169842,0.908467710018158,0.08096317946910858
Rockingchair_01,00066,4,Rockingchair_01_env_0,18.739918,0.8653122782707214,0.12018086016178131
Rockingchair_01,00066,5,Rockingchair_01_env_0,17.962276,0.823126494884491,0.1640511453151703
Rockingchair_01,00066,6,Rockingchair_01_env_2,17.120054,0.8012561798095703,0.21206676959991455
Rockingchair_01,00066,7,Rockingchair_01_env_1,15.758695,0.7496726512908936,0.2713049054145813
Rockingchair_01,00066,8,Rockingchair_01_env_2,14.64876,0.6979389190673828,0.3788336515426636
Rockingchair_01,00066,9,Rockingchair_01_env_2,13.261219,0.5894374251365662,0.5077577233314514
Rockingchair_01,00066,10,Rockingchair_01_env_2,11.997833,0.532852828502655,0.5711984634399414
Rockingchair_01,00066,11,Rockingchair_01_env_2,10.908941,0.5073625445365906,0.60892254114151
Rockingchair_01,00066,12,Rockingchair_01_env_0,9.734578,0.47767120599746704,0.6505773663520813
Rockingchair_01,00066,13,Rockingchair_01_env_2,9.004469,0.4805646538734436,0.6757869720458984
Rockingchair_01,00066,14,Rockingchair_01_env_1,8.231363,0.45763498544692993,0.7041322588920593
Rockingchair_01,00066,15,Rockingchair_01_env_0,7.6560345,0.4458518922328949,0.7234202027320862
Rockingchair_01,00066,16,Rockingchair_01_env_1,7.2039847,0.4364563226699829,0.7370983958244324
Rockingchair_01,00066,17,Rockingchair_01_env_1,6.8601303,0.42684754729270935,0.7490342259407043
Rockingchair_01,00066,18,Rockingchair_01_env_1,6.607082,0.41638872027397156,0.7554381489753723
Rockingchair_01,00066,19,Rockingchair_01_env_1,6.4053974,0.40890949964523315,0.7636497020721436
SchoolChair_01,00022,0,SchoolChair_01_env_2,20.728115,0.8985433578491211,0.08234880864620209
SchoolChair_01,00022,1,SchoolChair_01_env_0,18.276787,0.8846302032470703,0.09734725207090378
SchoolChair_01,00022,2,SchoolChair_01_env_2,21.182858,0.9157814979553223,0.07933999598026276
SchoolChair_01,00022,3,SchoolChair_01_env_2,20.962774,0.9123172760009766,0.08244740217924118
SchoolChair_01,00022,4,SchoolChair_01_env_0,18.354107,0.8827561736106873,0.1117052510380745
SchoolChair_01,00022,5,SchoolChair_01_env_0,18.60855,0.8856379389762878,0.11605477333068848
SchoolChair_01,00022,6,SchoolChair_01_env_2,20.678852,0.9083881378173828,0.10600724816322327
SchoolChair_01,00022,7,SchoolChair_01_env_1,23.170874,0.9183747172355652,0.09198913723230362
SchoolChair_01,00022,8,SchoolChair_01_env_2,19.489744,0.8745507597923279,0.1546899676322937
SchoolChair_01,00022,9,SchoolChair_01_env_2,17.411358,0.8097704648971558,0.29650765657424927
SchoolChair_01,00022,10,SchoolChair_01_env_2,15.102715,0.6554979085922241,0.49662888050079346
SchoolChair_01,00022,11,SchoolChair_01_env_2,13.494822,0.5483129620552063,0.6015188097953796
SchoolChair_01,00022,12,SchoolChair_01_env_0,12.712027,0.5373058319091797,0.6308795213699341
SchoolChair_01,00022,13,SchoolChair_01_env_2,11.969061,0.5108131170272827,0.6769528985023499
SchoolChair_01,00022,14,SchoolChair_01_env_1,11.013159,0.4969026744365692,0.7007874846458435
SchoolChair_01,00022,15,SchoolChair_01_env_0,10.356416,0.488420307636261,0.7372844815254211
SchoolChair_01,00022,16,SchoolChair_01_env_1,9.807831,0.49276718497276306,0.7381973266601562
SchoolChair_01,00022,17,SchoolChair_01_env_1,9.0641575,0.4787728786468506,0.756579577922821
SchoolChair_01,00022,18,SchoolChair_01_env_1,8.456232,0.4647897183895111,0.7722351551055908
SchoolChair_01,00022,19,SchoolChair_01_env_1,7.954994,0.4547598958015442,0.7844216823577881
SchoolDesk_01,00058,0,SchoolDesk_01_env_2,29.156542,0.972826361656189,0.016139362007379532
SchoolDesk_01,00058,1,SchoolDesk_01_env_0,23.35724,0.9342530965805054,0.04467839002609253
SchoolDesk_01,00058,2,SchoolDesk_01_env_2,24.327442,0.9301547408103943,0.04044172167778015
SchoolDesk_01,00058,3,SchoolDesk_01_env_2,21.922209,0.8983770608901978,0.07370275259017944
SchoolDesk_01,00058,4,SchoolDesk_01_env_0,18.689074,0.7974565029144287,0.20202119648456573
SchoolDesk_01,00058,5,SchoolDesk_01_env_0,16.191288,0.6725842356681824,0.3548709750175476
SchoolDesk_01,00058,6,SchoolDesk_01_env_2,14.066019,0.5801436901092529,0.47365182638168335
SchoolDesk_01,00058,7,SchoolDesk_01_env_1,12.185479,0.5533047318458557,0.5268211960792542
SchoolDesk_01,00058,8,SchoolDesk_01_env_2,12.313508,0.507119357585907,0.5916392803192139
SchoolDesk_01,00058,9,SchoolDesk_01_env_2,11.044113,0.4561010003089905,0.6472159624099731
SchoolDesk_01,00058,10,SchoolDesk_01_env_2,9.929899,0.42549562454223633,0.6874139308929443
SchoolDesk_01,00058,11,SchoolDesk_01_env_2,8.918179,0.3993755578994751,0.720234751701355
SchoolDesk_01,00058,12,SchoolDesk_01_env_0,8.33703,0.3942334055900574,0.7346152663230896
SchoolDesk_01,00058,13,SchoolDesk_01_env_2,7.7528405,0.3616182506084442,0.7542821168899536
SchoolDesk_01,00058,14,SchoolDesk_01_env_1,7.2086134,0.37908872961997986,0.7689282894134521
SchoolDesk_01,00058,15,SchoolDesk_01_env_0,7.2293134,0.3912522494792938,0.7647280097007751
SchoolDesk_01,00058,16,SchoolDesk_01_env_1,6.8556814,0.39997345209121704,0.7791793346405029
SchoolDesk_01,00058,17,SchoolDesk_01_env_1,6.764262,0.41066107153892517,0.7873517870903015
SchoolDesk_01,00058,18,SchoolDesk_01_env_1,6.695095,0.41658949851989746,0.7953668832778931
SchoolDesk_01,00058,19,SchoolDesk_01_env_1,6.632868,0.41999101638793945,0.8045389652252197
Shelf_01,00000,0,Shelf_01_env_2,33.439915,0.9933047294616699,0.013981265015900135
Shelf_01,00000,1,Shelf_01_env_0,31.033104,0.9861968755722046,0.021078184247016907
Shelf_01,00000,2,Shelf_01_env_2,29.719381,0.9814321994781494,0.03984775394201279
Shelf_01,00000,3,Shelf_01_env_2,30.213955,0.9804606437683105,0.04740001633763313
Shelf_01,00000,4,Shelf_01_env_0,31.700497,0.9828517436981201,0.03870195150375366
Shelf_01,00000,5,Shelf_01_env_0,21.549337,0.958358645439148,0.06776180863380432
Shelf_01,00000,6,Shelf_01_env_2,16.984127,0.9355638027191162,0.09694316983222961
Shelf_01,00000,7,Shelf_01_env_1,18.089191,0.889964759349823,0.2449280321598053
Shelf_01,00000,8,Shelf_01_env_2,14.507494,0.854587733745575,0.3496641218662262
Shelf_01,00000,9,Shelf_01_env_2,14.325777,0.8446036577224731,0.3828706443309784
Shelf_01,00000,10,Shelf_01_env_2,13.855368,0.810285210609436,0.4518991708755493
Shelf_01,00000,11,Shelf_01_env_2,13.134118,0.7548766136169434,0.5390240550041199
Shelf_01,00000,12,Shelf_01_env_0,12.377171,0.6836035251617432,0.6031355261802673
Shelf_01,00000,13,Shelf_01_env_2,11.5293255,0.6763267517089844,0.6187968850135803
Shelf_01,00000,14,Shelf_01_env_1,11.318278,0.6471987962722778,0.6544777750968933
Shelf_01,00000,15,Shelf_01_env_0,10.68298,0.6097099781036377,0.6962825059890747
Shelf_01,00000,16,Shelf_01_env_1,10.079372,0.5748091340065002,0.7274590134620667
Shelf_01,00000,17,Shelf_01_env_1,9.564329,0.5550805330276489,0.7536743879318237
Shelf_01,00000,18,Shelf_01_env_1,9.076534,0.5451736450195312,0.7742170095443726
Shelf_01,00000,19,Shelf_01_env_1,8.619956,0.5407252907752991,0.7999022006988525
Television_01,00017,0,Television_01_env_2,31.17975,0.9300150871276855,0.03608641400933266
Television_01,00017,1,Television_01_env_0,21.345184,0.8103643655776978,0.14604893326759338
Television_01,00017,2,Television_01_env_2,25.645962,0.8921371698379517,0.08677546679973602
Television_01,00017,3,Television_01_env_2,23.997984,0.8682146072387695,0.11867831647396088
Television_01,00017,4,Television_01_env_0,19.431568,0.7614526152610779,0.22103117406368256
Television_01,00017,5,Television_01_env_0,18.788252,0.7477383017539978,0.2446749061346054
Television_01,00017,6,Television_01_env_2,19.438028,0.7888132929801941,0.2356475442647934
Television_01,00017,7,Television_01_env_1,17.501623,0.6958732008934021,0.317653626203537
Television_01,00017,8,Television_01_env_2,18.244267,0.7148653864860535,0.3443494439125061
Television_01,00017,9,Television_01_env_2,17.530745,0.6709932088851929,0.4069457948207855
Television_01,00017,10,Television_01_env_2,16.617605,0.6301457285881042,0.4600227475166321
Television_01,00017,11,Television_01_env_2,15.67609,0.5878515243530273,0.5048782825469971
Television_01,00017,12,Television_01_env_0,13.791875,0.5143429040908813,0.5679866075515747
Television_01,00017,13,Television_01_env_2,13.5926,0.5125448107719421,0.574206531047821
Television_01,00017,14,Television_01_env_1,12.217854,0.4524877965450287,0.6222602128982544
Television_01,00017,15,Television_01_env_0,11.590673,0.4316647946834564,0.6450216770172119
Television_01,00017,16,Television_01_env_1,11.007155,0.41061586141586304,0.6666476726531982
Television_01,00017,17,Television_01_env_1,10.492248,0.38962170481681824,0.6849434971809387
Television_01,00017,18,Television_01_env_1,10.059377,0.3699219822883606,0.6998584270477295
Television_01,00017,19,Television_01_env_1,9.68664,0.3527359366416931,0.7179830074310303
Ukulele_01,00062,0,Ukulele_01_env_2,31.755152,0.9787542819976807,0.014914259314537048
Ukulele_01,00062,1,Ukulele_01_env_0,29.573338,0.9686002731323242,0.027578936889767647
Ukulele_01,00062,2,Ukulele_01_env_2,28.881184,0.9661077857017517,0.029020920395851135
Ukulele_01,00062,3,Ukulele_01_env_2,27.142536,0.9590005874633789,0.03874659165740013
Ukulele_01,00062,4,Ukulele_01_env_0,24.563635,0.946340799331665,0.06707299500703812
Ukulele_01,00062,5,Ukulele_01_env_0,24.438873,0.9403588175773621,0.0760069489479065
Ukulele_01,00062,6,Ukulele_01_env_2,23.729095,0.9255433082580566,0.11746789515018463
Ukulele_01,00062,7,Ukulele_01_env_1,20.86936,0.9011225700378418,0.19876235723495483
Ukulele_01,00062,8,Ukulele_01_env_2,19.137714,0.8850369453430176,0.23975101113319397
Ukulele_01,00062,9,Ukulele_01_env_2,18.222761,0.8743337988853455,0.261894166469574
Ukulele_01,00062,10,Ukulele_01_env_2,17.24987,0.8606359362602234,0.28440648317337036
Ukulele_01,00062,11,Ukulele_01_env_2,16.358255,0.8446976542472839,0.30780351161956787
Ukulele_01,00062,12,Ukulele_01_env_0,15.777603,0.8335798978805542,0.3224959075450897
Ukulele_01,00062,13,Ukulele_01_env_2,15.320674,0.8171302676200867,0.35963672399520874
Ukulele_01,00062,14,Ukulele_01_env_1,14.43742,0.7806787490844727,0.4199410080909729
Ukulele_01,00062,15,Ukulele_01_env_0,14.015663,0.7609025835990906,0.4497936964035034
Ukulele_01,00062,16,Ukulele_01_env_1,13.307432,0.7033756971359253,0.5184842944145203
Ukulele_01,00062,17,Ukulele_01_env_1,12.479621,0.6689543128013611,0.5707785487174988
Ukulele_01,00062,18,Ukulele_01_env_1,11.633039,0.6447544097900391,0.6125172972679138
Ukulele_01,00062,19,Ukulele_01_env_1,10.899984,0.6328237056732178,0.6431785225868225
WetFloorSign_01,00057,0,WetFloorSign_01_env_2,22.62476,0.949901819229126,0.05103238672018051
WetFloorSign_01,00057,1,WetFloorSign_01_env_0,18.819616,0.8980118632316589,0.11071475595235825
WetFloorSign_01,00057,2,WetFloorSign_01_env_2,19.63587,0.9109274744987488,0.09273622930049896
WetFloorSign_01,00057,3,WetFloorSign_01_env_2,18.458921,0.8868736028671265,0.11690177768468857
WetFloorSign_01,00057,4,WetFloorSign_01_env_0,16.466726,0.7712762355804443,0.32738548517227173
WetFloorSign_01,00057,5,WetFloorSign_01_env_0,12.259775,0.46008002758026123,0.6833542585372925
WetFloorSign_01,00057,6,WetFloorSign_01_env_2,8.858295,0.3392937183380127,0.7769078612327576
WetFloorSign_01,00057,7,WetFloorSign_01_env_1,8.160667,0.3074648976325989,0.7946620583534241
WetFloorSign_01,00057,8,WetFloorSign_01_env_2,7.368902,0.2947704493999481,0.8293175101280212
WetFloorSign_01,00057,9,WetFloorSign_01_env_2,6.8740253,0.28186407685279846,0.8493971228599548
WetFloorSign_01,00057,10,WetFloorSign_01_env_2,6.485647,0.2742135524749756,0.8662359118461609
WetFloorSign_01,00057,11,WetFloorSign_01_env_2,6.15882,0.27149176597595215,0.875885546207428
WetFloorSign_01,00057,12,WetFloorSign_01_env_0,5.9369907,0.2681485712528229,0.8852779865264893
WetFloorSign_01,00057,13,WetFloorSign_01_env_2,5.729183,0.2727962136268616,0.8974497318267822
WetFloorSign_01,00057,14,WetFloorSign_01_env_1,5.6441526,0.2695715129375458,0.888016939163208
WetFloorSign_01,00057,15,WetFloorSign_01_env_0,5.4708104,0.26848310232162476,0.9010999798774719
WetFloorSign_01,00057,16,WetFloorSign_01_env_1,5.4443045,0.27121245861053467,0.8927797079086304
WetFloorSign_01,00057,17,WetFloorSign_01_env_1,5.3819203,0.2721567153930664,0.8917549848556519
WetFloorSign_01,00057,18,WetFloorSign_01_env_1,5.329108,0.2725899815559387,0.8925409317016602
WetFloorSign_01,00057,19,WetFloorSign_01_env_1,5.289427,0.2713262736797333,0.8961429595947266
WoodenChair_01,00008,0,WoodenChair_01_env_2,27.104965,0.9758722186088562,0.013387976214289665
WoodenChair_01,00008,1,WoodenChair_01_env_0,23.644531,0.9538731575012207,0.031087640672922134
WoodenChair_01,00008,2,WoodenChair_01_env_2,24.04383,0.9581578969955444,0.02712283283472061
WoodenChair_01,00008,3,WoodenChair_01_env_2,22.823769,0.9469882249832153,0.04894604533910751
WoodenChair_01,00008,4,WoodenChair_01_env_0,20.420345,0.905005156993866,0.14245523512363434
WoodenChair_01,00008,5,WoodenChair_01_env_0,18.690342,0.8216819167137146,0.29770129919052124
WoodenChair_01,00008,6,WoodenChair_01_env_2,16.214064,0.6650389432907104,0.5186793804168701
WoodenChair_01,00008,7,WoodenChair_01_env_1,14.472109,0.6288334727287292,0.5645149350166321
WoodenChair_01,00008,8,WoodenChair_01_env_2,12.504065,0.5145721435546875,0.6960848569869995
WoodenChair_01,00008,9,WoodenChair_01_env_2,10.327745,0.4566682279109955,0.7805742025375366
WoodenChair_01,00008,10,WoodenChair_01_env_2,8.597372,0.4397538900375366,0.8251120448112488
WoodenChair_01,00008,11,WoodenChair_01_env_2,7.395918,0.4327464699745178,0.8460566401481628
WoodenChair_01,00008,12,WoodenChair_01_env_0,6.7207174,0.41960811614990234,0.8468490242958069
WoodenChair_01,00008,13,WoodenChair_01_env_2,6.2592344,0.4259442985057831,0.8531513214111328
WoodenChair_01,00008,14,WoodenChair_01_env_1,6.093586,0.4430444836616516,0.8518291115760803
WoodenChair_01,00008,15,WoodenChair_01_env_0,5.9567165,0.42811864614486694,0.8486744165420532
WoodenChair_01,00008,16,WoodenChair_01_env_1,5.9398108,0.44019076228141785,0.856044352054596
WoodenChair_01,00008,17,WoodenChair_01_env_1,5.979658,0.4412742257118225,0.8622976541519165
WoodenChair_01,00008,18,WoodenChair_01_env_1,6.0266213,0.43876010179519653,0.8692002892494202
WoodenChair_01,00008,19,WoodenChair_01_env_1,6.067977,0.43352851271629333,0.8750527501106262
